{"cameraMode":{"drawMode":31,"name":"Sprite Mask","section":"Miscellaneous"},"sceneLighting":false,"audioPlay":false,"sceneViewState":{"showFog":true,"showMaterialUpdate":false,"showSkybox":false,"showFlares":true,"showImageEffects":true,"showParticleSystems":true},"in2DMode":false,"pivot":{"x":21.526731491088868,"y":-5.803121089935303,"z":0.0},"rotation":{"x":-0.10944430530071259,"y":0.05126485601067543,"z":-0.005652148276567459,"w":-0.9926624298095703},"size":1.4469295740127564,"orthographic":false}