{"cameraMode":{"drawMode":31,"name":"Sprite Mask","section":"Miscellaneous"},"sceneLighting":false,"audioPlay":false,"sceneViewState":{"showFog":true,"showMaterialUpdate":false,"showSkybox":false,"showFlares":true,"showImageEffects":true,"showParticleSystems":true},"in2DMode":false,"pivot":{"x":0.08999998867511749,"y":1.149999976158142,"z":0.08500000834465027},"rotation":{"x":0.21429693698883058,"y":0.6305180191993713,"z":-0.18668538331985475,"w":0.7222773432731628},"size":10.997410774230957,"orthographic":false}