{"cameraMode":{"drawMode":31,"name":"Sprite Mask","section":"Miscellaneous"},"sceneLighting":false,"audioPlay":false,"sceneViewState":{"showFog":true,"showMaterialUpdate":false,"showSkybox":false,"showFlares":true,"showImageEffects":true,"showParticleSystems":true},"in2DMode":false,"pivot":{"x":-1.070480465888977,"y":1.403535008430481,"z":-4.556640625},"rotation":{"x":0.21429693698883058,"y":0.6305180191993713,"z":-0.18668538331985475,"w":0.7222773432731628},"size":12.52816390991211,"orthographic":false}