{"cameraMode":{"drawMode":31,"name":"Sprite Mask","section":"Miscellaneous"},"sceneLighting":false,"audioPlay":false,"sceneViewState":{"showFog":true,"showMaterialUpdate":false,"showSkybox":true,"showFlares":true,"showImageEffects":true,"showParticleSystems":true},"in2DMode":false,"pivot":{"x":3.846017360687256,"y":-2.2021257877349855,"z":-13.051351547241211},"rotation":{"x":-0.021284565329551698,"y":-0.04737390577793121,"z":0.001008054125122726,"w":-0.9986578226089478},"size":21.583786010742189,"orthographic":false}