{"cameraMode":{"drawMode":31,"name":"Sprite Mask","section":"Miscellaneous"},"sceneLighting":false,"audioPlay":false,"sceneViewState":{"showFog":true,"showMaterialUpdate":false,"showSkybox":false,"showFlares":true,"showImageEffects":true,"showParticleSystems":true},"in2DMode":false,"pivot":{"x":-3.3899996280670168,"y":0.2800002098083496,"z":0.0},"rotation":{"x":0.21429693698883058,"y":0.6305180191993713,"z":-0.18668538331985475,"w":0.7222773432731628},"size":37.207862854003909,"orthographic":false}