{"cameraMode":{"drawMode":31,"name":"Sprite Mask","section":"Miscellaneous"},"sceneLighting":false,"audioPlay":false,"sceneViewState":{"showFog":true,"showMaterialUpdate":false,"showSkybox":true,"showFlares":true,"showImageEffects":true,"showParticleSystems":true},"in2DMode":false,"pivot":{"x":-6.228866100311279,"y":2.124053478240967,"z":-6.354619979858398},"rotation":{"x":-0.19916033744812013,"y":-0.4184601306915283,"z":0.09460020810365677,"w":-0.8810796141624451},"size":9.804020881652832,"orthographic":false}