{"cameraMode":{"drawMode":31,"name":"Sprite Mask","section":"Miscellaneous"},"sceneLighting":false,"audioPlay":false,"sceneViewState":{"showFog":true,"showMaterialUpdate":false,"showSkybox":true,"showFlares":true,"showImageEffects":true,"showParticleSystems":true},"in2DMode":false,"pivot":{"x":7.183382034301758,"y":4.016305923461914,"z":46.118499755859378},"rotation":{"x":0.009000218473374844,"y":0.0011941883713006974,"z":0.000009742153451952618,"w":-0.9999677538871765},"size":73.30086517333985,"orthographic":false}