{"cameraMode":{"drawMode":31,"name":"Sprite Mask","section":"Miscellaneous"},"sceneLighting":false,"audioPlay":false,"sceneViewState":{"showFog":true,"showMaterialUpdate":false,"showSkybox":false,"showFlares":true,"showImageEffects":true,"showParticleSystems":true},"in2DMode":false,"pivot":{"x":15.030871391296387,"y":1.921104907989502,"z":-6.442065238952637},"rotation":{"x":0.22759929299354554,"y":0.3014225661754608,"z":-0.07402832061052323,"w":0.9229743480682373},"size":13.212719917297364,"orthographic":false}