{"cameraMode":{"drawMode":31,"name":"Sprite Mask","section":"Miscellaneous"},"sceneLighting":false,"audioPlay":false,"sceneViewState":{"showFog":true,"showMaterialUpdate":false,"showSkybox":false,"showFlares":true,"showImageEffects":true,"showParticleSystems":true},"in2DMode":false,"pivot":{"x":-0.34999990463256838,"y":1.1500000953674317,"z":0.28999996185302737},"rotation":{"x":0.21429693698883058,"y":0.6305180191993713,"z":-0.18668538331985475,"w":0.7222773432731628},"size":32.46556091308594,"orthographic":false}