{"cameraMode":{"drawMode":31,"name":"Sprite Mask","section":"Miscellaneous"},"sceneLighting":false,"audioPlay":false,"sceneViewState":{"showFog":true,"showMaterialUpdate":false,"showSkybox":false,"showFlares":true,"showImageEffects":true,"showParticleSystems":true},"in2DMode":false,"pivot":{"x":0.018238931894302369,"y":-0.015549525618553162,"z":-0.06461748480796814},"rotation":{"x":0.1134004071354866,"y":0.8449666500091553,"z":-0.1974143385887146,"w":0.4839540719985962},"size":2.328941583633423,"orthographic":false}