{"cameraMode":{"drawMode":31,"name":"Sprite Mask","section":"Miscellaneous"},"sceneLighting":false,"audioPlay":false,"sceneViewState":{"showFog":true,"showMaterialUpdate":false,"showSkybox":true,"showFlares":true,"showImageEffects":true,"showParticleSystems":true},"in2DMode":false,"pivot":{"x":2.851775884628296,"y":0.23202896118164063,"z":-6.7328033447265629},"rotation":{"x":-0.11853112280368805,"y":-0.003872995264828205,"z":0.0004728258354589343,"w":-0.9929553270339966},"size":32.16252136230469,"orthographic":false}