{"cameraMode":{"drawMode":31,"name":"Sprite Mask","section":"Miscellaneous"},"sceneLighting":false,"audioPlay":false,"sceneViewState":{"showFog":true,"showMaterialUpdate":false,"showSkybox":true,"showFlares":true,"showImageEffects":true,"showParticleSystems":true},"in2DMode":false,"pivot":{"x":1.9679170846939088,"y":1.5748273134231568,"z":26.262596130371095},"rotation":{"x":0.004321399610489607,"y":0.001502523198723793,"z":-0.000265506881987676,"w":-1.0000077486038209},"size":37.253753662109378,"orthographic":false}